{
  "notes": "Set either direct CSV URLs OR a base_pub_id + gids. If you provide direct CSV URLs, they take precedence.",
  "men_csv_url": "https://docs.google.com/spreadsheets/d/e/2PACX-1vQWOnaP9wrGgotQI7OTb3mXXSqEeDaiL9I5696ottziIho3JA_4trI8vmVs6EIIGSWjA6HBIAOlNDAr/pub?gid=733291458&single=true&output=csv",
  "women_csv_url": "https://docs.google.com/spreadsheets/d/e/2PACX-1vQuIDv5QxCcERG6ROaaNDLVfKemOt2Bm0kBaI0HXqp868MIVGx6kwaHAL33T3vJf5L0zCx59Dttj6R1/pub?gid=647304550&single=true&output=csv",
  "base_pub_id": "2PACX-1vSKKTWqTfFKbosOaOFHii7qNPnjX1DjC59N4xy2EL6adfVVXOkTr3wW5Zfubdnvfw4NLT6sX4SFbprg",
  "men_gid": "0",
  "women_gid": "0"
}